timestamp,total,for_sale,for_rent,sale_under_300k,sale_under_600k,sale_under_1m,rent_under_1800,rent_under_2200,rent_under_3000,median_sale,median_rent,new_today
2026-07-22T04:56:43Z,1680,1097,583,71,255,532,26,83,215,1095000,3850,3
2026-07-22T04:57:23Z,1680,1097,583,71,255,532,26,83,215,1095000,3850,3
2026-07-22T05:00:51Z,1680,1097,583,71,255,532,26,83,215,1095000,3850,3
2026-07-22T05:21:50Z,1680,1097,583,71,255,532,26,83,215,1095000,3850,3
2026-07-22T07:24:48Z,1680,1097,583,71,255,532,26,83,215,1095000,3850,3
2026-07-22T07:24:49Z,1680,1097,583,71,255,532,26,83,215,1095000,3850,3
2026-07-22T10:24:58Z,1681,1098,583,71,255,532,26,83,215,1095000,3850,4
2026-07-22T10:24:59Z,1681,1098,583,71,255,532,26,83,215,1095000,3850,4
2026-07-22T13:25:14Z,1681,1098,583,71,255,532,26,83,215,1095000,3850,4
2026-07-22T13:25:15Z,1681,1098,583,71,255,532,26,83,215,1095000,3850,4
2026-07-22T16:25:14Z,1686,1104,582,71,255,532,26,82,215,1097000,3850,16
2026-07-22T16:25:16Z,1686,1104,582,71,255,532,26,82,215,1097000,3850,16
2026-07-22T19:25:46Z,1686,1102,584,70,254,533,26,82,215,1095000,3850,26
2026-07-22T19:25:47Z,1686,1102,584,70,254,533,26,82,215,1095000,3850,26
2026-07-22T22:25:01Z,1678,1097,581,70,254,529,26,81,215,1095000,3850,32
2026-07-22T22:25:03Z,1678,1097,581,70,254,529,26,81,215,1095000,3850,32
2026-07-23T01:26:06Z,1671,1090,581,70,253,528,26,79,214,1095000,3850,35
2026-07-23T01:26:07Z,1671,1090,581,70,253,528,26,79,214,1095000,3850,35
2026-07-23T04:25:57Z,1672,1090,582,70,253,527,25,77,212,1095000,3850,5
2026-07-23T04:25:58Z,1672,1090,582,70,253,527,25,77,212,1095000,3850,5
2026-07-23T07:24:44Z,1672,1090,582,70,253,527,25,77,212,1095000,3850,5
2026-07-23T07:24:44Z,1672,1090,582,70,253,527,25,77,212,1095000,3850,5
2026-07-23T10:25:04Z,1673,1091,582,70,253,527,25,77,212,1095000,3850,6
2026-07-23T10:25:05Z,1673,1091,582,70,253,527,25,77,212,1095000,3850,6
2026-07-23T13:24:27Z,1677,1095,582,70,254,529,25,77,211,1095000,3850,10
2026-07-23T13:24:28Z,1677,1095,582,70,254,529,25,77,211,1095000,3850,10
2026-07-23T16:25:24Z,1682,1100,582,70,255,531,25,77,213,1095000,3850,17
2026-07-23T16:25:26Z,1682,1100,582,70,255,531,25,77,213,1095000,3850,17
2026-07-23T19:25:49Z,1687,1098,589,70,255,530,26,80,219,1095000,3800,28
2026-07-23T19:25:50Z,1687,1098,589,70,255,530,26,80,219,1095000,3800,28
2026-07-23T22:26:08Z,1690,1100,590,70,255,534,27,80,220,1092000,3825,37
2026-07-23T22:26:09Z,1690,1100,590,70,255,534,27,80,220,1092000,3825,37
2026-07-24T01:26:15Z,1688,1099,589,70,254,533,27,80,219,1095000,3850,42
2026-07-24T01:26:16Z,1688,1099,589,70,254,533,27,80,219,1095000,3850,42
2026-07-24T04:26:48Z,1686,1097,589,70,253,532,27,80,219,1095000,3850,0
2026-07-24T04:26:49Z,1686,1097,589,70,253,532,27,80,219,1095000,3850,0
2026-07-24T07:25:07Z,1686,1097,589,70,253,532,27,80,219,1095000,3850,0
2026-07-24T07:25:08Z,1686,1097,589,70,253,532,27,80,219,1095000,3850,0
2026-07-24T10:27:56Z,1686,1097,589,70,253,532,27,80,219,1095000,3850,0
2026-07-24T10:27:56Z,1686,1097,589,70,253,532,27,80,219,1095000,3850,0
2026-07-24T13:27:21Z,1686,1097,589,71,253,532,27,80,219,1095000,3850,2
2026-07-24T13:27:22Z,1686,1097,589,71,253,532,27,80,219,1095000,3850,2
2026-07-24T16:27:38Z,1683,1092,591,70,250,529,27,80,219,1095000,3850,8
2026-07-24T16:27:41Z,1683,1092,591,70,250,529,27,80,219,1095000,3850,8
2026-07-24T19:28:42Z,1688,1093,595,70,250,530,27,80,221,1095000,3850,16
2026-07-24T19:28:44Z,1688,1093,595,70,250,530,27,80,221,1095000,3850,16
2026-07-24T22:28:05Z,1682,1088,594,70,252,528,27,80,221,1092000,3850,18
2026-07-24T22:28:05Z,1682,1088,594,70,252,528,27,80,221,1092000,3850,18
2026-07-25T01:29:31Z,1684,1088,596,69,252,528,26,79,220,1092000,3850,23
2026-07-25T01:29:31Z,1684,1088,596,69,252,528,26,79,220,1092000,3850,23
2026-07-25T04:29:10Z,1686,1089,597,69,251,528,26,79,221,1095000,3850,3
2026-07-25T04:29:10Z,1686,1089,597,69,251,528,26,79,221,1095000,3850,3
2026-07-25T07:27:58Z,1687,1089,598,69,251,528,26,79,222,1095000,3850,4
2026-07-25T07:27:58Z,1687,1089,598,69,251,528,26,79,222,1095000,3850,4
2026-07-25T10:28:11Z,1687,1089,598,69,251,528,26,79,222,1095000,3850,4
2026-07-25T10:28:12Z,1687,1089,598,69,251,528,26,79,222,1095000,3850,4
2026-07-25T13:28:11Z,1687,1089,598,69,251,528,26,79,222,1095000,3850,4
2026-07-25T13:28:11Z,1687,1089,598,69,251,528,26,79,222,1095000,3850,4
2026-07-25T16:28:32Z,1688,1089,599,68,251,528,26,79,222,1095000,3850,6
2026-07-25T16:28:33Z,1688,1089,599,68,251,528,26,79,222,1095000,3850,6
2026-07-25T19:28:31Z,1688,1091,597,68,252,530,26,79,222,1095000,3850,8
2026-07-25T19:28:33Z,1688,1091,597,68,252,530,26,79,222,1095000,3850,8
2026-07-25T22:27:53Z,1689,1092,597,69,253,531,26,79,222,1092000,3850,9
2026-07-25T22:27:54Z,1689,1092,597,69,253,531,26,79,222,1092000,3850,9
2026-07-26T01:28:41Z,1683,1089,594,67,251,529,24,77,220,1095000,3872,9
2026-07-26T01:28:42Z,1683,1089,594,67,251,529,24,77,220,1095000,3872,9
2026-07-26T04:28:30Z,1683,1089,594,67,251,529,24,77,220,1095000,3872,0
2026-07-26T04:28:31Z,1683,1089,594,67,251,529,24,77,220,1095000,3872,0
2026-07-26T07:27:24Z,1683,1089,594,67,251,529,24,77,220,1095000,3872,0
2026-07-26T07:27:25Z,1683,1089,594,67,251,529,24,77,220,1095000,3872,0
2026-07-26T10:27:27Z,1683,1089,594,67,251,529,24,77,220,1095000,3872,0
2026-07-26T10:27:28Z,1683,1089,594,67,251,529,24,77,220,1095000,3872,0
2026-07-26T13:27:37Z,1684,1089,595,67,251,529,24,77,220,1095000,3895,1
2026-07-26T13:27:38Z,1684,1089,595,67,251,529,24,77,220,1095000,3895,1
2026-07-26T16:27:49Z,1687,1091,596,67,251,529,24,77,221,1095000,3872,4
2026-07-26T16:27:50Z,1687,1091,596,67,251,529,24,77,221,1095000,3872,4
2026-07-26T19:29:49Z,1686,1091,595,67,251,529,24,77,222,1095000,3850,6
2026-07-26T19:29:50Z,1686,1091,595,67,251,529,24,77,222,1095000,3850,6
2026-07-26T22:27:23Z,1687,1091,596,67,251,530,24,77,223,1095000,3850,7
2026-07-26T22:27:25Z,1687,1091,596,67,251,530,24,77,223,1095000,3850,7
2026-07-27T01:28:40Z,1684,1090,594,67,251,530,24,76,221,1092000,3850,9
2026-07-27T01:28:41Z,1684,1090,594,67,251,530,24,76,221,1092000,3850,9
2026-07-27T04:28:50Z,1685,1092,593,67,251,532,24,76,221,1082000,3850,2
2026-07-27T04:28:50Z,1685,1092,593,67,251,532,24,76,221,1082000,3850,2
2026-07-27T05:16:00Z,1685,1092,593,67,251,532,24,76,221,1082000,3850,2
2026-07-27T05:20:46Z,1685,1092,593,67,251,532,24,76,221,1082000,3850,2
